{
  "COMPUTE": 1.8522801512860645,
  "DP_COMM": 1.0,
  "MP_COMM": 3.027705708518624,
  "EP_COMM": 6.93539104759111,
  "CP_COMM": 1.0,
  "PP_COMM": 1.0,
  "BUBBLE": 0.3122183882901588
}