{
  "COMPUTE": 0.216202181524904,
  "DP_COMM": 1.0,
  "MP_COMM": 0.9103303309530026,
  "EP_COMM": 1.062340761563973,
  "CP_COMM": 1.0,
  "PP_COMM": 1.0,
  "BUBBLE": 2.1518570427769266
}