{
  "COMPUTE": 0.1850716579787034,
  "DP_COMM": 1.0,
  "MP_COMM": 0.5545411957427862,
  "EP_COMM": 1.357968794764019,
  "CP_COMM": 1.0,
  "PP_COMM": 1.0,
  "BUBBLE": 3.3046148536447064
}