{
  "COMPUTE": 0.16110646799020467,
  "DP_COMM": 1.0,
  "MP_COMM": 2.0252221499686263,
  "EP_COMM": 0.7005907447990014,
  "CP_COMM": 1.0,
  "PP_COMM": 1.0,
  "BUBBLE": 0.3052977001173735
}