{
  "COMPUTE": 0.216202181524904,
  "DP_COMM": 1.0,
  "MP_COMM": 0.9103303309530027,
  "EP_COMM": 0.9791159092755515,
  "CP_COMM": 1.0,
  "PP_COMM": 1.0,
  "BUBBLE": 2.141708768295622
}
